{"cameraMode":{"drawMode":0,"name":"Shaded","section":"Shading Mode"},"sceneLighting":false,"audioPlay":false,"sceneViewState":{"m_AlwaysRefresh":false,"showFog":true,"showSkybox":false,"showFlares":true,"showImageEffects":true,"showParticleSystems":true,"showVisualEffectGraphs":true,"m_FxEnabled":true},"in2DMode":false,"pivot":{"x":0.04396757483482361,"y":-0.6520308256149292,"z":-0.2002238631248474},"rotation":{"x":-0.14515992999076844,"y":-0.04243449121713638,"z":0.0062317876145243649,"w":-0.9884791374206543},"size":2.2374701499938967,"orthographic":false}